mean	std
0.004856250000000006	0.26287699874913767
